40018	FAIL	(SQL Injection)
40019	FAIL	(SQL Injection - MySQL)
40020	FAIL	(SQL Injection - Hypersonic SQL)
40021	FAIL	(SQL Injection - Oracle)
40022	FAIL	(SQL Injection - PostgreSQL)
40024	FAIL	(SQL Injection - SQLite)
40012	FAIL	(Cross Site Scripting (Reflected))
40014	FAIL	(Cross Site Scripting (Persistent))
90019	FAIL	(Server Side Include)
90020	FAIL	(Remote OS Command Injection)
90023	FAIL	(XML External Entity Attack)
90035	FAIL	(Server Side Template Injection)
6	FAIL	(Path Traversal)
7	FAIL	(Remote File Inclusion)
40046	FAIL	(Server Side Request Forgery)
40048	FAIL	(Remote Code Execution - Shell Shock)
10098	WARN	(Cross-Domain Misconfiguration)
